-- 开始初始化数据 ;
SET NAMES utf8mb4;
SET FOREIGN_KEY_CHECKS = 0;

BEGIN;
insert into sys_api (id, handle, title, path, type, action, created_at, updated_at, deleted_at, create_by, update_by)
values  (5, 'go-admin/app/admin/apis.SysLoginLog.Get-fm', '登陆日志通过id获取', '/api/v1/sys-login-log/:id', 'BUS', 'GET', '2021-05-13 19:59:00.728', '2021-06-13 20:53:47.671', null, 0, 0),
        (6, 'go-admin/app/admin/apis.SysOperaLog.GetPage-fm', '操作日志列表', '/api/v1/sys-opera-log', 'BUS', 'GET', '2021-05-13 19:59:00.778', '2021-06-13 20:53:47.712', null, 0, 0),
        (7, 'go-admin/app/admin/apis.SysOperaLog.Get-fm', '操作日志通过id获取', '/api/v1/sys-opera-log/:id', 'BUS', 'GET', '2021-05-13 19:59:00.821', '2021-06-13 20:53:47.754', null, 0, 0),
        (8, 'go-admin/common/actions.IndexAction.func1', '分类列表', '/api/v1/syscategory', 'BUS', 'GET', '2021-05-13 19:59:00.870', '2021-06-13 20:53:47.883', null, 0, 0),
        (9, 'go-admin/common/actions.ViewAction.func1', '分类通过id获取', '/api/v1/syscategory/:id', 'BUS', 'GET', '2021-05-13 19:59:00.945', '2021-06-13 20:53:47.926', null, 0, 0),
        (10, 'go-admin/common/actions.IndexAction.func1', '内容列表', '/api/v1/syscontent', 'BUS', 'GET', '2021-05-13 19:59:01.005', '2021-06-13 20:53:47.966', null, 0, 0),
        (11, 'go-admin/common/actions.ViewAction.func1', '内容通过id获取', '/api/v1/syscontent/:id', 'BUS', 'GET', '2021-05-13 19:59:01.056', '2021-06-13 20:53:48.005', null, 0, 0),
        (15, 'go-admin/common/actions.IndexAction.func1', 'job列表', '/api/v1/sysjob', 'BUS', 'GET', '2021-05-13 19:59:01.248', '2021-06-13 20:53:48.169', null, 0, 0),
        (16, 'go-admin/common/actions.ViewAction.func1', 'job通过id获取', '/api/v1/sysjob/:id', 'BUS', 'GET', '2021-05-13 19:59:01.298', '2021-06-13 20:53:48.214', null, 0, 0),
        (17, 'go-admin/app/other/apis.SysChinaAreaData.GetPage-fm', '行政区列表', '/api/v1/sys-area-data', 'BUS', 'GET', '2021-05-13 19:59:01.342', '2021-06-13 20:53:47.453', null, 0, 0),
        (18, 'go-admin/app/other/apis.SysChinaAreaData.Get-fm', '行政区通过id获取', '/api/v1/sys-area-data/:id', 'BUS', 'GET', '2021-05-13 19:59:01.390', '2021-06-13 20:53:47.497', null, 0, 0),
        (21, 'go-admin/app/admin/apis.SysDictType.GetPage-fm', '字典类型列表', '/api/v1/dict/type', 'BUS', 'GET', '2021-05-13 19:59:01.525', '2021-06-13 20:53:48.340', null, 0, 0),
        (22, 'go-admin/app/admin/apis.SysDictType.GetAll-fm', '字典类型查询【代码生成】', '/api/v1/dict/type-option-select', 'SYS', 'GET', '2021-05-13 19:59:01.582', '2021-06-13 20:53:48.388', null, 0, 0),
        (23, 'go-admin/app/admin/apis.SysDictType.Get-fm', '字典类型通过id获取', '/api/v1/dict/type/:id', 'BUS', 'GET', '2021-05-13 19:59:01.632', '2021-06-13 20:53:48.431', null, 0, 0),
        (24, 'go-admin/app/admin/apis.SysDictData.GetPage-fm', '字典数据列表', '/api/v1/dict/data', 'BUS', 'GET', '2021-05-13 19:59:01.684', '2021-06-13 20:53:48.473', null, 0, 0),
        (25, 'go-admin/app/admin/apis.SysDictData.Get-fm', '字典数据通过code获取', '/api/v1/dict/data/:dictCode', 'BUS', 'GET', '2021-05-13 19:59:01.732', '2021-06-13 20:53:48.522', null, 0, 0),
        (26, 'go-admin/app/admin/apis.SysDictData.GetSysDictDataAll-fm', '数据字典根据key获取', '/api/v1/dict-data/option-select', 'SYS', 'GET', '2021-05-13 19:59:01.832', '2021-06-13 20:53:48.563', null, 0, 0),
        (27, 'go-admin/app/admin/apis.SysDept.GetPage-fm', '部门列表', '/api/v1/dept', 'BUS', 'GET', '2021-05-13 19:59:01.940', '2021-06-13 20:53:48.605', null, 0, 0),
        (28, 'go-admin/app/admin/apis.SysDept.Get-fm', '部门通过id获取', '/api/v1/dept/:id', 'BUS', 'GET', '2021-05-13 19:59:02.009', '2021-06-13 20:53:48.647', null, 0, 0),
        (29, 'go-admin/app/admin/apis.SysDept.Get2Tree-fm', '查询部门下拉树【角色权限-自定权限】', '/api/v1/deptTree', 'SYS', 'GET', '2021-05-13 19:59:02.050', '2021-06-13 20:53:48.689', null, 0, 0),
        (30, 'go-admin/app/admin/apis/tools.(*Gen).GetDBTableList-fm', '数据库表列表', '/api/v1/db/tables/page', 'SYS', 'GET', '2021-05-13 19:59:02.098', '2021-06-13 20:53:48.730', null, 0, 0),
        (31, 'go-admin/app/admin/apis/tools.(*Gen).GetDBColumnList-fm', '数据表列列表', '/api/v1/db/columns/page', 'SYS', 'GET', '2021-05-13 19:59:02.140', '2021-06-13 20:53:48.771', null, 0, 0),
        (32, 'go-admin/app/admin/apis/tools.Gen.GenCode-fm', '数据库表生成到项目', '/api/v1/gen/toproject/:tableId', 'SYS', 'GET', '2021-05-13 19:59:02.183', '2021-06-13 20:53:48.812', null, 0, 0),
        (33, 'go-admin/app/admin/apis/tools.Gen.GenMenuAndApi-fm', '数据库表生成到DB', '/api/v1/gen/todb/:tableId', 'SYS', 'GET', '2021-05-13 19:59:02.227', '2021-06-13 20:53:48.853', null, 0, 0),
        (34, 'go-admin/app/admin/apis/tools.(*SysTable).GetSysTablesTree-fm', '关系表数据【代码生成】', '/api/v1/gen/tabletree', 'SYS', 'GET', '2021-05-13 19:59:02.271', '2021-06-13 20:53:48.893', null, 0, 0),
        (35, 'go-admin/app/admin/apis/tools.Gen.Preview-fm', '生成预览通过id获取', '/api/v1/gen/preview/:tableId', 'SYS', 'GET', '2021-05-13 19:59:02.315', '2021-06-13 20:53:48.935', null, 0, 0),
        (36, 'go-admin/app/admin/apis/tools.Gen.GenApiToFile-fm', '生成api带文件', '/api/v1/gen/apitofile/:tableId', 'SYS', 'GET', '2021-05-13 19:59:02.357', '2021-06-13 20:53:48.977', null, 0, 0),
        (37, 'go-admin/app/admin/apis.System.GenerateCaptchaHandler-fm', '验证码获取', '/api/v1/getCaptcha', 'SYS', 'GET', '2021-05-13 19:59:02.405', '2021-06-13 20:53:49.020', null, 0, 0),
        (38, 'go-admin/app/admin/apis.SysUser.GetInfo-fm', '用户信息获取', '/api/v1/getinfo', 'SYS', 'GET', '2021-05-13 19:59:02.447', '2021-06-13 20:53:49.065', null, 0, 0),
        (39, 'go-admin/app/admin/apis.SysMenu.GetPage-fm', '菜单列表', '/api/v1/menu', 'BUS', 'GET', '2021-05-13 19:59:02.497', '2021-06-13 20:53:49.491', null, 0, 0),
        (40, 'go-admin/app/admin/apis.SysMenu.GetMenuTreeSelect-fm', '查询菜单下拉树结构【废弃】', '/api/v1/menuTreeselect', 'SYS', 'GET', '2021-05-13 19:59:02.542', '2021-06-03 22:37:21.857', null, 0, 0),
        (41, 'go-admin/app/admin/apis.SysMenu.Get-fm', '菜单通过id获取', '/api/v1/menu/:id', 'BUS', 'GET', '2021-05-13 19:59:02.584', '2021-06-13 20:53:49.530', null, 0, 0),
        (42, 'go-admin/app/admin/apis.SysMenu.GetMenuRole-fm', '角色菜单【顶部左侧菜单】', '/api/v1/menurole', 'SYS', 'GET', '2021-05-13 19:59:02.630', '2021-06-13 20:53:49.574', null, 0, 0),
        (43, 'go-admin/app/admin/apis.SysMenu.GetMenuIDS-fm', '获取角色对应的菜单id数组【废弃】', '/api/v1/menuids', 'SYS', 'GET', '2021-05-13 19:59:02.675', '2021-06-03 22:39:52.500', null, 0, 0),
        (44, 'go-admin/app/admin/apis.SysRole.GetPage-fm', '角色列表', '/api/v1/role', 'BUS', 'GET', '2021-05-13 19:59:02.720', '2021-06-13 20:53:49.108', null, 0, 0),
        (45, 'go-admin/app/admin/apis.SysMenu.GetMenuTreeSelect-fm', '菜单权限列表【角色配菜单使用】', '/api/v1/roleMenuTreeselect/:roleId', 'SYS', 'GET', '2021-05-13 19:59:02.762', '2021-06-13 20:53:49.154', null, 0, 0),
        (46, 'go-admin/app/admin/apis.SysDept.GetDeptTreeRoleSelect-fm', '角色部门结构树【自定义数据权限】', '/api/v1/roleDeptTreeselect/:roleId', 'SYS', 'GET', '2021-05-13 19:59:02.809', '2021-06-13 20:53:49.196', null, 0, 0),
        (47, 'go-admin/app/admin/apis.SysRole.Get-fm', '角色通过id获取', '/api/v1/role/:id', 'BUS', 'GET', '2021-05-13 19:59:02.850', '2021-06-13 20:53:49.236', null, 0, 0),
        (48, 'github.com/go-admin-team/go-admin-core/sdk/pkg/jwtauth.(*GinJWTMiddleware).RefreshHandler-fm', '刷新token', '/api/v1/refresh_token', 'SYS', 'GET', '2021-05-13 19:59:02.892', '2021-06-13 20:53:49.278', null, 0, 0),
        (49, 'go-admin/app/other/apis.SysFileDir.GetPage-fm', '文件夹列表', '/api/v1/file-dir', 'BUS', 'GET', '2021-05-13 19:59:02.937', '2021-06-13 20:53:49.321', null, 0, 0),
        (50, 'go-admin/app/other/apis.SysFileDir.Get-fm', '文件夹通过id获取', '/api/v1/file-dir/:id', 'BUS', 'GET', '2021-05-13 19:59:02.981', '2021-06-13 20:53:49.364', null, 0, 0),
        (51, 'go-admin/app/other/apis.SysFileInfo.GetPage-fm', '文件列表', '/api/v1/file-info', 'BUS', 'GET', '2021-05-13 19:59:03.028', '2021-06-13 20:53:49.405', null, 0, 0),
        (52, 'go-admin/app/other/apis.SysFileInfo.Get-fm', '文件通过id获取', '/api/v1/file-info/:id', 'BUS', 'GET', '2021-05-13 19:59:03.069', '2021-06-13 20:53:49.448', null, 0, 0),
        (53, 'go-admin/app/admin/apis.SysConfig.GetPage-fm', '参数列表', '/api/v1/config', 'BUS', 'GET', '2021-05-13 19:59:03.116', '2021-06-13 20:53:49.656', null, 0, 0),
        (54, 'go-admin/app/admin/apis.SysConfig.Get-fm', '参数通过id获取', '/api/v1/config/:id', 'BUS', 'GET', '2021-05-13 19:59:03.157', '2021-06-13 20:53:49.699', null, 0, 0),
        (55, 'go-admin/app/admin/apis.SysConfig.GetSysConfigByKEYForService-fm', '参数通过键名搜索【基础默认配置】', '/api/v1/configKey/:configKey', 'SYS', 'GET', '2021-05-13 19:59:03.198', '2021-06-13 20:53:49.745', null, 0, 0),
        (57, 'go-admin/app/jobs/apis.SysJob.RemoveJobForService-fm', 'job移除', '/api/v1/job/remove/:id', 'BUS', 'GET', '2021-05-13 19:59:03.295', '2021-06-13 20:53:49.786', null, 0, 0),
        (58, 'go-admin/app/jobs/apis.SysJob.StartJobForService-fm', 'job启动', '/api/v1/job/start/:id', 'BUS', 'GET', '2021-05-13 19:59:03.339', '2021-06-13 20:53:49.829', null, 0, 0),
        (59, 'go-admin/app/admin/apis.SysPost.GetPage-fm', '岗位列表', '/api/v1/post', 'BUS', 'GET', '2021-05-13 19:59:03.381', '2021-06-13 20:53:49.868', null, 0, 0),
        (60, 'go-admin/app/admin/apis.SysPost.Get-fm', '岗位通过id获取', '/api/v1/post/:id', 'BUS', 'GET', '2021-05-13 19:59:03.433', '2021-06-13 20:53:49.909', null, 0, 0),
        (62, 'go-admin/app/admin/apis.SysConfig.GetSysConfigBySysApp-fm', '系统前端参数', '/api/v1/app-config', 'SYS', 'GET', '2021-05-13 19:59:03.526', '2021-06-13 20:53:49.994', null, 0, 0),
        (63, 'go-admin/app/admin/apis.SysUser.GetProfile-fm', '*用户信息获取', '/api/v1/user/profile', 'SYS', 'GET', '2021-05-13 19:59:03.567', '2021-06-13 20:53:50.038', null, 0, 0),
        (66, 'github.com/go-admin-team/go-admin-core/sdk/pkg/ws.(*Manager).WsClient-fm', '链接ws【定时任务log】', '/ws/:id/:channel', 'BUS', 'GET', '2021-05-13 19:59:03.705', '2021-06-13 20:53:50.167', null, 0, 0),
        (67, 'github.com/go-admin-team/go-admin-core/sdk/pkg/ws.(*Manager).UnWsClient-fm', '退出ws【定时任务log】', '/wslogout/:id/:channel', 'BUS', 'GET', '2021-05-13 19:59:03.756', '2021-06-13 20:53:50.209', null, 0, 0),
        (68, 'go-admin/common/middleware/handler.Ping', '*用户基本信息', '/info', 'SYS', 'GET', '2021-05-13 19:59:03.800', '2021-06-13 20:53:50.251', null, 0, 0),
        (72, 'go-admin/common/actions.CreateAction.func1', '分类创建', '/api/v1/syscategory', 'BUS', 'POST', '2021-05-13 19:59:03.982', '2021-06-13 20:53:50.336', null, 0, 0),
        (73, 'go-admin/common/actions.CreateAction.func1', '内容创建', '/api/v1/syscontent', 'BUS', 'POST', '2021-05-13 19:59:04.027', '2021-06-13 20:53:50.375', null, 0, 0),
        (76, 'go-admin/common/actions.CreateAction.func1', 'job创建', '/api/v1/sysjob', 'BUS', 'POST', '2021-05-13 19:59:04.164', '2021-06-13 20:53:50.500', null, 0, 0),
        (77, 'go-admin/app/other/apis.SysChinaAreaData.Insert-fm', '行政区创建', '/api/v1/sys-area-data', 'BUS', 'POST', '2021-05-13 19:59:04.210', '2021-06-13 20:53:50.416', null, 0, 0),
        (80, 'go-admin/app/admin/apis.SysDictData.Insert-fm', '字典数据创建', '/api/v1/dict/data', 'BUS', 'POST', '2021-05-13 19:59:04.347', '2021-06-13 20:53:50.579', null, 0, 0),
        (81, 'go-admin/app/admin/apis.SysDictType.Insert-fm', '字典类型创建', '/api/v1/dict/type', 'BUS', 'POST', '2021-05-13 19:59:04.391', '2021-06-13 20:53:50.621', null, 0, 0),
        (82, 'go-admin/app/admin/apis.SysDept.Insert-fm', '部门创建', '/api/v1/dept', 'BUS', 'POST', '2021-05-13 19:59:04.435', '2021-06-13 20:53:50.662', null, 0, 0),
        (83, 'go-admin/app/other/apis.SysFileDir.Insert-fm', '文件夹创建', '/api/v1/file-dir', 'BUS', 'POST', '2021-05-13 19:59:04.500', '2021-06-13 20:53:50.703', null, 0, 0),
        (84, 'go-admin/app/other/apis.SysFileInfo.Insert-fm', '文件创建', '/api/v1/file-info', 'BUS', 'POST', '2021-05-13 19:59:04.551', '2021-06-13 20:53:50.743', null, 0, 0),
        (85, 'github.com/go-admin-team/go-admin-core/sdk/pkg/jwtauth.(*GinJWTMiddleware).LoginHandler-fm', '*登录', '/api/v1/login', 'SYS', 'POST', '2021-05-13 19:59:04.597', '2021-06-13 20:53:50.784', null, 0, 0),
        (86, 'go-admin/common/middleware/handler.LogOut', '*退出', '/api/v1/logout', 'SYS', 'POST', '2021-05-13 19:59:04.642', '2021-06-13 20:53:50.824', null, 0, 0),
        (87, 'go-admin/app/admin/apis.SysConfig.Insert-fm', '参数创建', '/api/v1/config', 'BUS', 'POST', '2021-05-13 19:59:04.685', '2021-06-13 20:53:50.949', null, 0, 0),
        (88, 'go-admin/app/admin/apis.SysMenu.Insert-fm', '菜单创建', '/api/v1/menu', 'BUS', 'POST', '2021-05-13 19:59:04.777', '2021-06-13 20:53:50.992', null, 0, 0),
        (89, 'go-admin/app/admin/apis.SysPost.Insert-fm', '岗位创建', '/api/v1/post', 'BUS', 'POST', '2021-05-13 19:59:04.886', '2021-06-13 20:53:50.907', null, 0, 0),
        (90, 'go-admin/app/admin/apis.SysRole.Insert-fm', '角色创建', '/api/v1/role', 'BUS', 'POST', '2021-05-13 19:59:04.975', '2021-06-13 20:53:51.035', null, 0, 0),
        (91, 'go-admin/app/admin/apis.SysUser.InsetAvatar-fm', '*用户头像编辑', '/api/v1/user/avatar', 'SYS', 'POST', '2021-05-13 19:59:05.058', '2021-06-13 20:53:51.079', null, 0, 0),
        (92, 'go-admin/app/admin/apis.SysApi.Update-fm', '接口编辑', '/api/v1/sys-api/:id', 'BUS', 'PUT', '2021-05-13 19:59:05.122', '2021-06-13 20:53:51.162', null, 0, 0),
        (95, 'go-admin/common/actions.UpdateAction.func1', '分类编辑', '/api/v1/syscategory/:id', 'BUS', 'PUT', '2021-05-13 19:59:05.255', '2021-06-13 20:53:51.247', null, 0, 0),
        (96, 'go-admin/common/actions.UpdateAction.func1', '内容编辑', '/api/v1/syscontent/:id', 'BUS', 'PUT', '2021-05-13 19:59:05.299', '2021-06-13 20:53:51.289', null, 0, 0),
        (97, 'go-admin/common/actions.UpdateAction.func1', 'job编辑', '/api/v1/sysjob', 'BUS', 'PUT', '2021-05-13 19:59:05.343', '2021-06-13 20:53:51.331', null, 0, 0),
        (98, 'go-admin/app/other/apis.SysChinaAreaData.Update-fm', '行政区编辑', '/api/v1/sys-area-data/:id', 'BUS', 'PUT', '2021-05-13 19:59:05.387', '2021-06-13 20:53:51.120', null, 0, 0),
        (101, 'go-admin/app/admin/apis.SysDictData.Update-fm', '字典数据编辑', '/api/v1/dict/data/:dictCode', 'BUS', 'PUT', '2021-05-13 19:59:05.519', '2021-06-13 20:53:51.467', null, 0, 0),
        (102, 'go-admin/app/admin/apis.SysDictType.Update-fm', '字典类型编辑', '/api/v1/dict/type/:id', 'BUS', 'PUT', '2021-05-13 19:59:05.569', '2021-06-13 20:53:51.509', null, 0, 0),
        (103, 'go-admin/app/admin/apis.SysDept.Update-fm', '部门编辑', '/api/v1/dept/:id', 'BUS', 'PUT', '2021-05-13 19:59:05.613', '2021-06-13 20:53:51.551', null, 0, 0),
        (104, 'go-admin/app/other/apis.SysFileDir.Update-fm', '文件夹编辑', '/api/v1/file-dir/:id', 'BUS', 'PUT', '2021-05-13 19:59:05.662', '2021-06-13 20:53:51.847', null, 0, 0),
        (105, 'go-admin/app/other/apis.SysFileInfo.Update-fm', '文件编辑', '/api/v1/file-info/:id', 'BUS', 'PUT', '2021-05-13 19:59:05.709', '2021-06-13 20:53:51.892', null, 0, 0),
        (106, 'go-admin/app/admin/apis.SysRole.Update-fm', '角色编辑', '/api/v1/role/:id', 'BUS', 'PUT', '2021-05-13 19:59:05.752', '2021-06-13 20:53:51.592', null, 0, 0),
        (107, 'go-admin/app/admin/apis.SysRole.Update2DataScope-fm', '角色数据权限修改', '/api/v1/roledatascope', 'BUS', 'PUT', '2021-05-13 19:59:05.803', '2021-06-13 20:53:51.682', null, 0, 0),
        (108, 'go-admin/app/admin/apis.SysConfig.Update-fm', '参数编辑', '/api/v1/config/:id', 'BUS', 'PUT', '2021-05-13 19:59:05.848', '2021-06-13 20:53:51.937', null, 0, 0),
        (109, 'go-admin/app/admin/apis.SysMenu.Update-fm', '编辑菜单', '/api/v1/menu/:id', 'BUS', 'PUT', '2021-05-13 19:59:05.891', '2021-06-13 20:53:51.979', null, 0, 0),
        (110, 'go-admin/app/admin/apis.SysPost.Update-fm', '岗位编辑', '/api/v1/post/:id', 'BUS', 'PUT', '2021-05-13 19:59:05.934', '2021-06-13 20:53:52.021', null, 0, 0),
        (111, 'go-admin/app/admin/apis.SysUser.UpdatePwd-fm', '*用户修改密码', '/api/v1/user/pwd', 'SYS', 'PUT', '2021-05-13 19:59:05.987', '2021-06-13 20:53:51.724', null, 0, 0),
        (112, 'go-admin/common/actions.DeleteAction.func1', '分类删除', '/api/v1/syscategory', 'BUS', 'DELETE', '2021-05-13 19:59:06.030', '2021-06-13 20:53:52.237', null, 0, 0),
        (113, 'go-admin/common/actions.DeleteAction.func1', '内容删除', '/api/v1/syscontent', 'BUS', 'DELETE', '2021-05-13 19:59:06.076', '2021-06-13 20:53:52.278', null, 0, 0),
        (114, 'go-admin/app/admin/apis.SysLoginLog.Delete-fm', '登陆日志删除', '/api/v1/sys-login-log', 'BUS', 'DELETE', '2021-05-13 19:59:06.118', '2021-06-13 20:53:52.102', null, 0, 0),
        (115, 'go-admin/app/admin/apis.SysOperaLog.Delete-fm', '操作日志删除', '/api/v1/sys-opera-log', 'BUS', 'DELETE', '2021-05-13 19:59:06.162', '2021-06-13 20:53:52.146', null, 0, 0),
        (116, 'go-admin/common/actions.DeleteAction.func1', 'job删除', '/api/v1/sysjob', 'BUS', 'DELETE', '2021-05-13 19:59:06.206', '2021-06-13 20:53:52.323', null, 0, 0),
        (117, 'go-admin/app/other/apis.SysChinaAreaData.Delete-fm', '行政区删除', '/api/v1/sys-area-data', 'BUS', 'DELETE', '2021-05-13 19:59:06.249', '2021-06-13 20:53:52.061', null, 0, 0),
        (120, 'go-admin/app/admin/apis.SysDictData.Delete-fm', '字典数据删除', '/api/v1/dict/data', 'BUS', 'DELETE', '2021-05-13 19:59:06.387', '2021-06-13 20:53:52.412', null, 0, 0),
        (121, 'go-admin/app/admin/apis.SysDictType.Delete-fm', '字典类型删除', '/api/v1/dict/type', 'BUS', 'DELETE', '2021-05-13 19:59:06.432', '2021-06-13 20:53:52.455', null, 0, 0),
        (122, 'go-admin/app/admin/apis.SysDept.Delete-fm', '部门删除', '/api/v1/dept/:id', 'BUS', 'DELETE', '2021-05-13 19:59:06.475', '2021-06-13 20:53:52.497', null, 0, 0),
        (123, 'go-admin/app/other/apis.SysFileDir.Delete-fm', '文件夹删除', '/api/v1/file-dir/:id', 'BUS', 'DELETE', '2021-05-13 19:59:06.520', '2021-06-13 20:53:52.539', null, 0, 0),
        (124, 'go-admin/app/other/apis.SysFileInfo.Delete-fm', '文件删除', '/api/v1/file-info/:id', 'BUS', 'DELETE', '2021-05-13 19:59:06.566', '2021-06-13 20:53:52.580', null, 0, 0),
        (125, 'go-admin/app/admin/apis.SysConfig.Delete-fm', '参数删除', '/api/v1/config', 'BUS', 'DELETE', '2021-05-13 19:59:06.612', '2021-06-13 20:53:52.627', null, 0, 0),
        (126, 'go-admin/app/admin/apis.SysMenu.Delete-fm', '删除菜单', '/api/v1/menu', 'BUS', 'DELETE', '2021-05-13 19:59:06.654', '2021-06-13 20:53:52.668', null, 0, 0),
        (127, 'go-admin/app/admin/apis.SysPost.Delete-fm', '岗位删除', '/api/v1/post/:id', 'BUS', 'DELETE', '2021-05-13 19:59:06.702', '2021-06-13 20:53:52.710', null, 0, 0),
        (128, 'go-admin/app/admin/apis.SysRole.Delete-fm', '角色删除', '/api/v1/role', 'BUS', 'DELETE', '2021-05-13 19:59:06.746', '2021-06-13 20:53:52.751', null, 0, 0),
        (131, 'github.com/go-admin-team/go-admin-core/tools/transfer.Handler.func1', '系统指标', '/api/v1/metrics', 'SYS', 'GET', '2021-05-17 22:13:55.933', '2021-06-13 20:53:49.614', null, 0, 0),
        (132, 'go-admin/app/other/router.registerMonitorRouter.func1', '健康状态', '/api/v1/health', 'SYS', 'GET', '2021-05-17 22:13:56.285', '2021-06-13 20:53:49.951', null, 0, 0),
        (133, 'go-admin/app/admin/apis.HelloWorld', '项目默认接口', '/', 'SYS', 'GET', '2021-05-24 10:30:44.553', '2021-06-13 20:53:47.406', null, 0, 0),
        (134, 'go-admin/app/other/apis.ServerMonitor.ServerInfo-fm', '服务器基本状态', '/api/v1/server-monitor', 'SYS', 'GET', '2021-05-24 10:30:44.937', '2021-06-13 20:53:48.255', null, 0, 0),
        (135, 'go-admin/app/admin/apis.SysApi.GetPage-fm', '接口列表', '/api/v1/sys-api', 'BUS', 'GET', '2021-05-24 11:37:53.303', '2021-06-13 20:53:47.541', null, 0, 0),
        (136, 'go-admin/app/admin/apis.SysApi.Get-fm', '接口通过id获取', '/api/v1/sys-api/:id', 'BUS', 'GET', '2021-05-24 11:37:53.359', '2021-06-13 20:53:47.585', null, 0, 0),
        (137, 'go-admin/app/admin/apis.SysLoginLog.GetPage-fm', '登录日志列表', '/api/v1/sys-login-log', 'BUS', 'GET', '2021-05-24 11:47:30.397', '2021-06-13 20:53:47.629', null, 0, 0),
        (138, 'go-admin/app/other/apis.File.UploadFile-fm', '文件上传', '/api/v1/public/uploadFile', 'SYS', 'POST', '2021-05-25 19:16:18.493', '2021-06-13 20:53:50.866', null, 0, 0),
        (139, 'go-admin/app/admin/apis.SysConfig.Update2Set-fm', '参数信息修改【参数配置】', '/api/v1/set-config', 'BUS', 'PUT', '2021-05-27 09:45:14.853', '2021-06-13 20:53:51.420', null, 0, 0),
        (140, 'go-admin/app/admin/apis.SysConfig.Get2Set-fm', '参数获取全部【配置使用】', '/api/v1/set-config', 'BUS', 'GET', '2021-05-27 11:54:14.384', '2021-06-13 20:53:48.296', null, 0, 0),
        (141, 'go-admin/app/admin/apis.SysUser.GetPage-fm', '管理员列表', '/api/v1/sys-user', 'BUS', 'GET', '2021-06-13 19:24:57.111', '2021-06-13 20:53:47.800', null, 0, 0),
        (142, 'go-admin/app/admin/apis.SysUser.Get-fm', '管理员通过id获取', '/api/v1/sys-user/:id', 'BUS', 'GET', '2021-06-13 19:24:57.188', '2021-06-13 20:53:47.841', null, 0, 0),
        (143, 'go-admin/app/admin/apis/tools.(*SysTable).GetSysTablesInfo-fm', '', '/api/v1/sys/tables/info', '', 'GET', '2021-06-13 19:24:57.437', '2021-06-13 20:53:48.047', null, 0, 0),
        (144, 'go-admin/app/admin/apis/tools.(*SysTable).GetSysTables-fm', '', '/api/v1/sys/tables/info/:tableId', '', 'GET', '2021-06-13 19:24:57.510', '2021-06-13 20:53:48.088', null, 0, 0),
        (145, 'go-admin/app/admin/apis/tools.(*SysTable).GetSysTableList-fm', '', '/api/v1/sys/tables/page', '', 'GET', '2021-06-13 19:24:57.582', '2021-06-13 20:53:48.128', null, 0, 0),
        (146, 'github.com/gin-gonic/gin.(*RouterGroup).createStaticHandler.func1', '', '/static/*filepath', '', 'GET', '2021-06-13 19:24:59.641', '2021-06-13 20:53:50.081', null, 0, 0),
        (147, 'github.com/swaggo/gin-swagger.CustomWrapHandler.func1', '', '/swagger/*any', '', 'GET', '2021-06-13 19:24:59.713', '2021-06-13 20:53:50.123', null, 0, 0),
        (148, 'github.com/gin-gonic/gin.(*RouterGroup).createStaticHandler.func1', '', '/form-generator/*filepath', '', 'GET', '2021-06-13 19:24:59.914', '2021-06-13 20:53:50.295', null, 0, 0),
        (149, 'go-admin/app/admin/apis/tools.(*SysTable).InsertSysTable-fm', '', '/api/v1/sys/tables/info', '', 'POST', '2021-06-13 19:25:00.163', '2021-06-13 20:53:50.539', null, 0, 0),
        (150, 'go-admin/app/admin/apis.SysUser.Insert-fm', '管理员创建', '/api/v1/sys-user', 'BUS', 'POST', '2021-06-13 19:25:00.233', '2021-06-13 20:53:50.459', null, 0, 0),
        (151, 'go-admin/app/admin/apis.SysUser.Update-fm', '管理员编辑', '/api/v1/sys-user', 'BUS', 'PUT', '2021-06-13 19:25:00.986', '2021-06-13 20:53:51.205', null, 0, 0),
        (152, 'go-admin/app/admin/apis/tools.(*SysTable).UpdateSysTable-fm', '', '/api/v1/sys/tables/info', '', 'PUT', '2021-06-13 19:25:01.149', '2021-06-13 20:53:51.375', null, 0, 0),
        (153, 'go-admin/app/admin/apis.SysRole.Update2Status-fm', '', '/api/v1/role-status', '', 'PUT', '2021-06-13 19:25:01.446', '2021-06-13 20:53:51.636', null, 0, 0),
        (154, 'go-admin/app/admin/apis.SysUser.ResetPwd-fm', '', '/api/v1/user/pwd/reset', '', 'PUT', '2021-06-13 19:25:01.601', '2021-06-13 20:53:51.764', null, 0, 0),
        (155, 'go-admin/app/admin/apis.SysUser.UpdateStatus-fm', '', '/api/v1/user/status', '', 'PUT', '2021-06-13 19:25:01.671', '2021-06-13 20:53:51.806', null, 0, 0),
        (156, 'go-admin/app/admin/apis.SysUser.Delete-fm', '管理员删除', '/api/v1/sys-user', 'BUS', 'DELETE', '2021-06-13 19:25:02.043', '2021-06-13 20:53:52.192', null, 0, 0),
        (157, 'go-admin/app/admin/apis/tools.(*SysTable).DeleteSysTables-fm', '', '/api/v1/sys/tables/info/:tableId', '', 'DELETE', '2021-06-13 19:25:02.283', '2021-06-13 20:53:52.367', null, 0, 0),
        (158, 'github.com/gin-gonic/gin.(*RouterGroup).createStaticHandler.func1', '', '/static/*filepath', '', 'HEAD', '2021-06-13 19:25:02.734', '2021-06-13 20:53:52.791', null, 0, 0),
        (159, 'github.com/gin-gonic/gin.(*RouterGroup).createStaticHandler.func1', '', '/form-generator/*filepath', '', 'HEAD', '2021-06-13 19:25:02.808', '2021-06-13 20:53:52.838', null, 0, 0);
insert into sys_config (id, config_name, config_key, config_value, config_type, is_frontend, remark, create_by, update_by, created_at, updated_at, deleted_at)
values  (1, '皮肤样式', 'sys_index_skinName', 'skin-green', 'Y', '0', '主框架页-默认皮肤样式名称:蓝色 skin-blue、绿色 skin-green、紫色 skin-purple、红色 skin-red、黄色 skin-yellow', 1, 1, '2021-05-13 19:56:37.913', '2021-06-05 13:50:13.123', null),
        (2, '初始密码', 'sys_user_initPassword', '123456', 'Y', '0', '用户管理-账号初始密码:123456', 1, 1, '2021-05-13 19:56:37.913', '2021-05-13 19:56:37.913', null),
        (3, '侧栏主题', 'sys_index_sideTheme', 'theme-dark', 'Y', '0', '主框架页-侧边栏主题:深色主题theme-dark，浅色主题theme-light', 1, 1, '2021-05-13 19:56:37.913', '2021-05-13 19:56:37.913', null),
        (4, '系统名称', 'sys_app_name', 'go-admin管理系统', 'Y', '1', '', 1, 0, '2021-03-17 08:52:06.067', '2021-05-28 10:08:25.248', null),
        (5, '系统logo', 'sys_app_logo', 'https://gitee.com/mydearzwj/image/raw/master/img/go-admin.png', 'Y', '1', '', 1, 0, '2021-03-17 08:53:19.462', '2021-03-17 08:53:19.462', null);
insert into sys_dept (dept_id, parent_id, dept_path, dept_name, sort, leader, phone, email, status, create_by, update_by, created_at, updated_at, deleted_at)
values  (1, 0, '/0/1/', '爱拓科技', 0, 'aituo', '13782218188', 'atuo@aituo.com', '2', 1, 1, '2021-05-13 19:56:37.913', '2021-06-05 17:06:44.960', null),
        (7, 1, '/0/1/7/', '研发部', 1, 'aituo', '13782218188', 'atuo@aituo.com', '2', 1, 1, '2021-05-13 19:56:37.913', '2021-06-05 17:06:59.193', null),
        (8, 1, '/0/1/8/', '运维部', 0, 'aituo', '13782218188', 'atuo@aituo.com', '2', 1, 1, '2021-05-13 19:56:37.913', '2021-06-05 17:07:01.874', null),
        (9, 1, '/0/1/9/', '客服部', 0, 'aituo', '13782218188', 'atuo@aituo.com', '2', 1, 1, '2021-05-13 19:56:37.913', '2021-06-05 17:07:05.993', null),
        (10, 1, '/0/1/10/', '人力资源', 3, 'aituo', '13782218188', 'atuo@aituo.com', '1', 1, 1, '2021-05-13 19:56:37.913', '2021-06-05 17:07:08.503', null);
insert into sys_dict_type (dict_id, dict_name, dict_type, status, remark, create_by, update_by, created_at, updated_at, deleted_at)
values  (1, '系统开关', 'sys_normal_disable', '2', '系统开关列表', 1, 1, '2021-05-13 19:56:37.914', '2021-05-13 19:56:37.914', null),
        (2, '用户性别', 'sys_user_sex', '2', '用户性别列表', 1, 1, '2021-05-13 19:56:37.914', '2021-05-13 19:56:37.914', null),
        (3, '菜单状态', 'sys_show_hide', '2', '菜单状态列表', 1, 1, '2021-05-13 19:56:37.914', '2021-05-13 19:56:37.914', null),
        (4, '系统是否', 'sys_yes_no', '2', '系统是否列表', 1, 1, '2021-05-13 19:56:37.914', '2021-05-13 19:56:37.914', null),
        (5, '任务状态', 'sys_job_status', '2', '任务状态列表', 1, 1, '2021-05-13 19:56:37.914', '2021-05-13 19:56:37.914', null),
        (6, '任务分组', 'sys_job_group', '2', '任务分组列表', 1, 1, '2021-05-13 19:56:37.914', '2021-05-13 19:56:37.914', null),
        (7, '通知类型', 'sys_notice_type', '2', '通知类型列表', 1, 1, '2021-05-13 19:56:37.914', '2021-05-13 19:56:37.914', null),
        (8, '系统状态', 'sys_common_status', '2', '登录状态列表', 1, 1, '2021-05-13 19:56:37.914', '2021-05-13 19:56:37.914', null),
        (9, '操作类型', 'sys_oper_type', '2', '操作类型列表', 1, 1, '2021-05-13 19:56:37.914', '2021-05-13 19:56:37.914', null),
        (10, '通知状态', 'sys_notice_status', '2', '通知状态列表', 1, 1, '2021-05-13 19:56:37.914', '2021-05-13 19:56:37.914', null),
        (11, '内容状态', 'sys_content_status', '2', '', 1, 1, '2021-05-13 19:56:40.813', '2021-05-13 19:56:40.813', null);
insert into sys_dict_data (dict_code, dict_sort, dict_label, dict_value, dict_type, css_class, list_class, is_default, status, default, remark, create_by, update_by, created_at, updated_at, deleted_at)
values  (1, 0, '正常', '2', 'sys_normal_disable', '', '', '', '2', '', '系统正常', 1, 1, '2021-05-13 19:56:37.914', '2021-05-13 19:56:40.168', null),
        (2, 0, '停用', '1', 'sys_normal_disable', '', '', '', '2', '', '系统停用', 1, 1, '2021-05-13 19:56:37.914', '2021-05-13 19:56:37.914', null),
        (3, 0, '男', '0', 'sys_user_sex', '', '', '', '2', '', '性别男', 1, 1, '2021-05-13 19:56:37.914', '2021-05-13 19:56:37.914', null),
        (4, 0, '女', '1', 'sys_user_sex', '', '', '', '2', '', '性别女', 1, 1, '2021-05-13 19:56:37.914', '2021-05-13 19:56:37.914', null),
        (5, 0, '未知', '2', 'sys_user_sex', '', '', '', '2', '', '性别未知', 1, 1, '2021-05-13 19:56:37.914', '2021-05-13 19:56:37.914', null),
        (6, 0, '显示', '0', 'sys_show_hide', '', '', '', '2', '', '显示菜单', 1, 1, '2021-05-13 19:56:37.914', '2021-05-13 19:56:37.914', null),
        (7, 0, '隐藏', '1', 'sys_show_hide', '', '', '', '2', '', '隐藏菜单', 1, 1, '2021-05-13 19:56:37.914', '2021-05-13 19:56:37.914', null),
        (8, 0, '是', 'Y', 'sys_yes_no', '', '', '', '2', '', '系统默认是', 1, 1, '2021-05-13 19:56:37.914', '2021-05-13 19:56:37.914', null),
        (9, 0, '否', 'N', 'sys_yes_no', '', '', '', '2', '', '系统默认否', 1, 1, '2021-05-13 19:56:37.914', '2021-05-13 19:56:37.914', null),
        (10, 0, '正常', '2', 'sys_job_status', '', '', '', '2', '', '正常状态', 1, 1, '2021-05-13 19:56:37.914', '2021-05-13 19:56:37.914', null),
        (11, 0, '停用', '1', 'sys_job_status', '', '', '', '2', '', '停用状态', 1, 1, '2021-05-13 19:56:37.914', '2021-05-13 19:56:37.914', null),
        (12, 0, '默认', 'DEFAULT', 'sys_job_group', '', '', '', '2', '', '默认分组', 1, 1, '2021-05-13 19:56:37.914', '2021-05-13 19:56:37.914', null),
        (13, 0, '系统', 'SYSTEM', 'sys_job_group', '', '', '', '2', '', '系统分组', 1, 1, '2021-05-13 19:56:37.914', '2021-05-13 19:56:37.914', null),
        (14, 0, '通知', '1', 'sys_notice_type', '', '', '', '2', '', '通知', 1, 1, '2021-05-13 19:56:37.914', '2021-05-13 19:56:37.914', null),
        (15, 0, '公告', '2', 'sys_notice_type', '', '', '', '2', '', '公告', 1, 1, '2021-05-13 19:56:37.914', '2021-05-13 19:56:37.914', null),
        (16, 0, '正常', '2', 'sys_common_status', '', '', '', '2', '', '正常状态', 1, 1, '2021-05-13 19:56:37.914', '2021-05-13 19:56:37.914', null),
        (17, 0, '关闭', '1', 'sys_common_status', '', '', '', '2', '', '关闭状态', 1, 1, '2021-05-13 19:56:37.914', '2021-05-13 19:56:37.914', null),
        (18, 0, '新增', '1', 'sys_oper_type', '', '', '', '2', '', '新增操作', 1, 1, '2021-05-13 19:56:37.914', '2021-05-13 19:56:37.914', null),
        (19, 0, '修改', '2', 'sys_oper_type', '', '', '', '2', '', '修改操作', 1, 1, '2021-05-13 19:56:37.914', '2021-05-13 19:56:37.914', null),
        (20, 0, '删除', '3', 'sys_oper_type', '', '', '', '2', '', '删除操作', 1, 1, '2021-05-13 19:56:37.914', '2021-05-13 19:56:37.914', null),
        (21, 0, '授权', '4', 'sys_oper_type', '', '', '', '2', '', '授权操作', 1, 1, '2021-05-13 19:56:37.914', '2021-05-13 19:56:37.914', null),
        (22, 0, '导出', '5', 'sys_oper_type', '', '', '', '2', '', '导出操作', 1, 1, '2021-05-13 19:56:37.914', '2021-05-13 19:56:37.914', null),
        (23, 0, '导入', '6', 'sys_oper_type', '', '', '', '2', '', '导入操作', 1, 1, '2021-05-13 19:56:37.914', '2021-05-13 19:56:37.914', null),
        (24, 0, '强退', '7', 'sys_oper_type', '', '', '', '2', '', '强退操作', 1, 1, '2021-05-13 19:56:37.914', '2021-05-13 19:56:37.914', null),
        (25, 0, '生成代码', '8', 'sys_oper_type', '', '', '', '2', '', '生成操作', 1, 1, '2021-05-13 19:56:37.914', '2021-05-13 19:56:37.914', null),
        (26, 0, '清空数据', '9', 'sys_oper_type', '', '', '', '2', '', '清空操作', 1, 1, '2021-05-13 19:56:37.914', '2021-05-13 19:56:37.914', null),
        (27, 0, '成功', '0', 'sys_notice_status', '', '', '', '2', '', '成功状态', 1, 1, '2021-05-13 19:56:37.914', '2021-05-13 19:56:37.914', null),
        (28, 0, '失败', '1', 'sys_notice_status', '', '', '', '2', '', '失败状态', 1, 1, '2021-05-13 19:56:37.914', '2021-05-13 19:56:37.914', null),
        (29, 0, '登录', '10', 'sys_oper_type', '', '', '', '2', '', '登录操作', 1, 1, '2021-05-13 19:56:37.914', '2021-05-13 19:56:37.914', null),
        (30, 0, '退出', '11', 'sys_oper_type', '', '', '', '2', '', '', 1, 1, '2021-05-13 19:56:37.914', '2021-05-13 19:56:37.914', null),
        (31, 0, '获取验证码', '12', 'sys_oper_type', '', '', '', '2', '', '获取验证码', 1, 1, '2021-05-13 19:56:37.914', '2021-05-13 19:56:37.914', null),
        (32, 0, '正常', '1', 'sys_content_status', '', '', '', '1', '', '', 1, 1, '2021-05-13 19:56:40.845', '2021-05-13 19:56:40.845', null),
        (33, 1, '禁用', '2', 'sys_content_status', '', '', '', '1', '', '', 1, 1, '2021-05-13 19:56:40.845', '2021-05-13 19:56:40.845', null);
insert into sys_file_dir (id, label, p_id, sort, path, create_by, update_by, created_at, updated_at, deleted_at)
values  (1, '根目录', 0, 0, '', 1, 1, '2021-05-13 19:56:39.773', '2021-05-13 19:56:39.773', null);
insert into sys_job (job_id, job_name, job_group, job_type, cron_expression, invoke_target, args, misfire_policy, concurrent, status, entry_id, created_at, updated_at, deleted_at, create_by, update_by)
values  (1, '接口测试', 'DEFAULT', 1, '0/5 * * * * ', 'http://localhost:8000', '', 1, 1, 1, 0, '2021-05-13 19:56:37.914', '2021-06-10 22:31:05.762', null, 1, 1),
        (2, '函数测试', 'DEFAULT', 2, '0/5 * * * * ', 'ExamplesOne', '参数', 1, 1, 1, 0, '2021-05-13 19:56:37.914', '2021-05-31 23:55:37.221', null, 1, 1);
insert into sys_menu (menu_id, menu_name, title, icon, path, paths, menu_type, action, permission, parent_id, no_cache, breadcrumb, component, sort, visible, is_frame, create_by, update_by, created_at, updated_at, deleted_at)
values  (2, 'Admin', '系统管理', 'api-server', '/admin', '/0/2', 'M', '无', '', 0, 1, '', 'Layout', 10, '0', '1', 0, 1, '2021-05-20 21:58:45.679', '2021-06-12 23:53:56.276', null),
        (3, 'SysUserManage', '管理员管理', 'user', '/admin/sys-user', '/0/2/3', 'C', '无', 'admin:sysUser:list', 2, 0, '', '/admin/sys-user/index', 10, '0', '1', 0, 1, '2021-05-20 22:08:44.526', '2021-06-13 19:44:27.795', null),
        (43, '', '新增管理员', 'app-group-fill', '/api/v1/sysuser', '/0/2/3/43', 'F', 'POST', 'admin:sysUser:add', 3, 0, '', '', 10, '0', '1', 0, 1, '2021-05-20 22:08:44.526', '2021-06-13 19:47:30.539', null),
        (44, '', '查询管理员', 'app-group-fill', '/api/v1/sysuser', '/0/2/3/44', 'F', 'GET', 'admin:sysUser:query', 3, 0, '', '', 40, '0', '1', 0, 1, '2021-05-20 22:08:44.526', '2021-06-13 19:50:06.054', null),
        (45, '', '修改管理员', 'app-group-fill', '/api/v1/sysuser/', '/0/2/3/45', 'F', 'PUT', 'admin:sysUser:edit', 3, 0, '', '', 30, '0', '1', 0, 1, '2021-05-20 22:08:44.526', '2021-06-13 19:49:57.786', null),
        (46, '', '删除管理员', 'app-group-fill', '/api/v1/sysuser/', '/0/2/3/46', 'F', 'DELETE', 'admin:sysUser:remove', 3, 0, '', '', 20, '0', '1', 0, 1, '2021-05-20 22:08:44.526', '2021-06-13 19:49:46.370', null),
        (51, 'SysMenuManage', '菜单管理', 'tree-table', '/admin/sys-menu', '/0/2/51', 'C', '无', 'admin:sysMenu:list', 2, 1, '', '/admin/sys-menu/index', 30, '0', '1', 0, 1, '2021-05-20 22:08:44.526', '2021-06-13 11:57:18.436', null),
        (52, 'SysRoleManage', '角色管理', 'peoples', '/admin/sys-role', '/0/2/52', 'C', '无', 'admin:sysRole:list', 2, 1, '', '/admin/sys-role/index', 20, '0', '1', 0, 1, '2021-05-20 22:08:44.526', '2021-06-13 11:51:46.529', null),
        (56, 'SysDeptManage', '部门管理', 'tree', '/admin/sys-dept', '/0/2/56', 'C', '无', 'admin:sysDept:list', 2, 0, '', '/admin/sys-dept/index', 40, '0', '1', 0, 1, '2021-05-20 22:08:44.526', '2021-06-13 11:58:21.215', null),
        (57, 'SysPostManage', '岗位管理', 'pass', '/admin/sys-post', '/0/2/57', 'C', '无', 'admin:sysPost:list', 2, 0, '', '/admin/sys-post/index', 50, '0', '1', 0, 1, '2021-05-20 22:08:44.526', '2021-06-13 11:59:31.694', null),
        (58, 'Dict', '字典管理', 'education', '/admin/dict', '/0/2/58', 'C', '无', 'admin:sysDictType:list', 2, 0, '', '/admin/dict/index', 60, '0', '1', 0, 1, '2021-05-20 22:08:44.526', '2021-06-13 12:07:17.793', null),
        (59, 'SysDictDataManagfe', '字典数据', 'education', '/admin/dict/data/:dictId', '/0/2/59', 'C', '无', 'admin:sysDictData:list', 2, 0, '', '/admin/dict/data', 100, '1', '1', 0, 1, '2021-05-20 22:08:44.526', '2021-06-13 12:04:38.536', null),
        (60, 'Tools', '开发工具', 'dev-tools', '/dev-tools', '/0/60', 'M', '无', '', 0, 0, '', 'Layout', 40, '0', '1', 1, 1, '2020-04-11 15:52:48', '2021-06-05 22:15:03.465', null),
        (61, 'Swagger', '系统接口', 'guide', '/dev-tools/swagger', '/0/60/61', 'C', '无', '', 60, 0, '', '/dev-tools/swagger/index', 1, '0', '1', 1, 1, '2020-04-11 15:52:48', '2021-06-05 22:15:03.465', null),
        (62, 'SysConfigManage', '参数管理', 'swagger', '/admin/sys-config', '/0/2/62', 'C', '无', 'admin:sysConfig:list', 2, 0, '', '/admin/sys-config/index', 70, '0', '1', 0, 1, '2021-05-20 22:08:44.526', '2021-06-12 23:53:56.276', null),
        (63, '', '接口权限', 'bug', '', '/0/63', 'M', '', '', 0, 0, '', '', 99, '1', '1', 1, 0, '2020-04-11 15:52:48', '2020-04-12 16:39:32', '2021-06-03 23:35:25.479'),
        (64, '', '用户管理', 'user', '', '/0/63/64', 'M', '', '', 63, 0, '', '', 1, '1', '1', 1, 0, '2020-04-11 15:52:48', null, '2021-06-03 23:34:58.338'),
        (66, '', '菜单管理', 'tree-table', '', '/0/63/66', 'C', '', '', 63, 0, '', '', 1, '1', '1', 1, 0, '2020-04-11 15:52:48', null, '2021-06-03 23:34:56.694'),
        (69, '', '字典', 'dict', '', '/0/63/69', 'M', '', '', 63, 0, '', '', 1, '1', '1', 1, 0, '2020-04-11 15:52:48', null, '2021-06-03 23:34:54.790'),
        (70, '', '类型', 'dict', '', '/0/63/69/70', 'C', '', '', 69, 0, '', '', 1, '1', '1', 1, 0, '2020-04-11 15:52:48', null, '2021-06-03 23:34:49.425'),
        (201, '', '角色管理', 'peoples', '', '/0/63/201', 'C', 'GET', '', 63, 0, '', '', 1, '1', '1', 1, 0, '2020-04-11 15:52:48', null, '2021-06-03 23:35:24.239'),
        (202, '', '参数设置', 'list', '', '/0/63/202', 'C', 'DELETE', '', 63, 0, '', '', 1, '1', '1', 1, 0, '2020-04-11 15:52:48', null, '2021-06-03 23:35:22.982'),
        (203, '', '部门管理', 'tree', '', '/0/63/203', 'C', 'POST', '', 63, 0, '', '', 1, '1', '1', 1, 0, '2020-04-11 15:52:48', null, '2021-06-03 23:35:21.555'),
        (204, '', '岗位管理', 'pass', '', '/0/63/204', 'C', '', '', 63, 0, '', '', 1, '1', '1', 1, 0, '2020-04-11 15:52:48', null, '2021-06-03 23:35:20.121'),
        (205, '', '角色菜单管理', 'nested', '', '/0/63/205', 'C', '', '', 63, 0, '', '', 1, '1', '1', 1, 0, '2020-04-11 15:52:48', null, '2021-06-03 23:35:18.681'),
        (206, '', '数据', '', '', '/0/63/69/206', 'C', 'PUT', '', 69, 0, '', '', 2, '1', '1', 1, 0, '2020-04-11 15:52:48', null, '2021-06-03 23:34:52.742'),
        (211, 'Log', '日志管理', 'log', '/log', '/0/2/211', 'M', '', '', 2, 0, '', '/log/index', 80, '0', '1', 0, 1, '2021-05-20 22:08:44.526', '2021-06-12 23:53:56.276', null),
        (212, 'SysLoginLogManage', '登录日志', 'logininfor', '/admin/sys-login-log', '/0/2/211/212', 'C', '', 'admin:sysLoginLog:list', 211, 0, '', '/admin/sys-login-log/index', 1, '0', '1', 0, 1, '2021-05-20 22:08:44.526', '2021-06-12 23:53:56.276', null),
        (214, '', '日志管理', 'log', '', '/0/63/214', 'M', 'GET', '', 63, 0, '', '', 1, '1', '1', 1, 0, '2020-04-11 15:52:48', null, '2021-06-03 23:34:42.363'),
        (216, 'OperLog', '操作日志', 'skill', '/admin/sys-oper-log', '/0/2/211/216', 'C', '', 'admin:sysOperLog:list', 211, 0, '', '/admin/sys-oper-log/index', 1, '0', '1', 0, 1, '2021-05-20 22:08:44.526', '2021-06-12 23:53:56.276', null),
        (220, '', '新增菜单', 'app-group-fill', '', '/0/2/51/220', 'F', '', 'admin:sysMenu:add', 51, 0, '', '', 1, '0', '1', 1, 1, '2020-04-11 15:52:48', '2021-06-13 11:57:29.113', null),
        (221, '', '修改菜单', 'app-group-fill', '', '/0/2/51/221', 'F', '', 'admin:sysMenu:edit', 51, 0, '', '', 1, '0', '1', 1, 1, '2020-04-11 15:52:48', '2021-06-13 11:57:49.043', null),
        (222, '', '查询菜单', 'app-group-fill', '', '/0/2/51/222', 'F', '', 'admin:sysMenu:query', 51, 0, '', '', 1, '0', '1', 1, 1, '2020-04-11 15:52:48', '2021-06-13 11:57:58.526', null),
        (223, '', '删除菜单', 'app-group-fill', '', '/0/2/51/223', 'F', '', 'admin:sysMenu:remove', 51, 0, '', '', 1, '0', '1', 1, 1, '2020-04-11 15:52:48', '2021-06-13 11:58:07.281', null),
        (224, '', '新增角色', 'app-group-fill', '', '/0/2/52/224', 'F', '', 'admin:sysRole:add', 52, 0, '', '', 1, '0', '1', 1, 1, '2020-04-11 15:52:48', '2021-06-13 11:51:57.183', null),
        (225, '', '查询角色', 'app-group-fill', '', '/0/2/52/225', 'F', '', 'admin:sysRole:query', 52, 0, '', '', 1, '0', '1', 1, 1, '2020-04-11 15:52:48', '2021-06-13 11:52:24.793', null),
        (226, '', '修改角色', 'app-group-fill', '', '/0/2/52/226', 'F', '', 'admin:sysRole:update', 52, 0, '', '', 1, '0', '1', 1, 1, '2020-04-11 15:52:48', '2021-06-13 11:56:38.445', null),
        (227, '', '删除角色', 'app-group-fill', '', '/0/2/52/227', 'F', '', 'admin:sysRole:remove', 52, 0, '', '', 1, '0', '1', 1, 1, '2020-04-11 15:52:48', '2021-06-13 11:53:08.087', null),
        (228, '', '查询部门', 'app-group-fill', '', '/0/2/56/228', 'F', '', 'admin:sysDept:query', 56, 0, '', '', 40, '0', '1', 0, 1, '2021-05-20 22:08:44.526', '2021-06-13 11:59:07.935', null),
        (229, '', '新增部门', 'app-group-fill', '', '/0/2/56/229', 'F', '', 'admin:sysDept:add', 56, 0, '', '', 10, '0', '1', 0, 1, '2021-05-20 22:08:44.526', '2021-06-13 11:58:38.549', null),
        (230, '', '修改部门', 'app-group-fill', '', '/0/2/56/230', 'F', '', 'admin:sysDept:edit', 56, 0, '', '', 30, '0', '1', 0, 1, '2021-05-20 22:08:44.526', '2021-06-13 11:58:58.802', null),
        (231, '', '删除部门', 'app-group-fill', '', '/0/2/56/231', 'F', '', 'admin:sysDept:remove', 56, 0, '', '', 20, '0', '1', 0, 1, '2021-05-20 22:08:44.526', '2021-06-13 11:58:48.835', null),
        (232, '', '查询岗位', 'app-group-fill', '', '/0/2/57/232', 'F', '', 'admin:sysPost:query', 57, 0, '', '', 0, '0', '1', 1, 1, '2020-04-11 15:52:48', '2021-06-13 11:59:39.067', null),
        (233, '', '新增岗位', 'app-group-fill', '', '/0/2/57/233', 'F', '', 'admin:sysPost:add', 57, 0, '', '', 0, '0', '1', 1, 1, '2020-04-11 15:52:48', '2021-06-13 11:59:46.485', null),
        (234, '', '修改岗位', 'app-group-fill', '', '/0/2/57/234', 'F', '', 'admin:sysPost:edit', 57, 0, '', '', 0, '0', '1', 1, 1, '2020-04-11 15:52:48', '2021-06-13 11:59:54.707', null),
        (235, '', '删除岗位', 'app-group-fill', '', '/0/2/57/235', 'F', '', 'admin:sysPost:remove', 57, 0, '', '', 0, '0', '1', 1, 1, '2020-04-11 15:52:48', '2021-06-13 12:00:01.968', null),
        (236, '', '查询字典', 'app-group-fill', '', '/0/2/58/236', 'F', '', 'admin:sysDictType:query', 58, 0, '', '', 0, '0', '1', 1, 1, '2020-04-11 15:52:48', '2021-06-13 12:07:26.913', null),
        (237, '', '新增类型', 'app-group-fill', '', '/0/2/58/237', 'F', '', 'admin:sysDictType:add', 58, 0, '', '', 0, '0', '1', 1, 1, '2020-04-11 15:52:48', '2021-06-13 12:03:52.022', null),
        (238, '', '修改类型', 'app-group-fill', '', '/0/2/58/238', 'F', '', 'admin:sysDictType:edit', 58, 0, '', '', 0, '0', '1', 1, 1, '2020-04-11 15:52:48', '2021-06-13 12:04:05.328', null),
        (239, '', '删除类型', 'app-group-fill', '', '/0/2/58/239', 'F', '', 'system:sysdicttype:remove', 58, 0, '', '', 0, '0', '1', 1, 1, '2020-04-11 15:52:48', '2021-06-13 12:04:17.149', null),
        (240, '', '查询数据', 'app-group-fill', '', '/0/2/59/240', 'F', '', 'admin:sysDictData:query', 59, 0, '', '', 0, '0', '1', 1, 1, '2020-04-11 15:52:48', '2021-06-13 12:04:45.918', null),
        (241, '', '新增数据', 'app-group-fill', '', '/0/2/59/241', 'F', '', 'admin:sysDictData:add', 59, 0, '', '', 0, '0', '1', 1, 1, '2020-04-11 15:52:48', '2021-06-13 12:06:27.120', null),
        (242, '', '修改数据', 'app-group-fill', '', '/0/2/59/242', 'F', '', 'admin:sysDictData:edit', 59, 0, '', '', 0, '0', '1', 1, 1, '2020-04-11 15:52:48', '2021-06-13 12:06:58.892', null),
        (243, '', '删除数据', 'app-group-fill', '', '/0/2/59/243', 'F', '', 'admin:sysDictData:remove', 59, 0, '', '', 0, '0', '1', 1, 1, '2020-04-11 15:52:48', '2021-06-13 12:07:52.824', null),
        (244, '', '查询参数', 'app-group-fill', '', '/0/2/62/244', 'F', '', 'admin:sysConfig:query', 62, 0, '', '', 0, '0', '1', 1, 1, '2020-04-11 15:52:48', '2021-06-12 23:53:56.276', null),
        (245, '', '新增参数', 'app-group-fill', '', '/0/2/62/245', 'F', '', 'admin:sysConfig:add', 62, 0, '', '', 0, '0', '1', 1, 1, '2020-04-11 15:52:48', '2021-06-12 23:53:56.276', null),
        (246, '', '修改参数', 'app-group-fill', '', '/0/2/62/246', 'F', '', 'admin:sysConfig:edit', 62, 0, '', '', 0, '0', '1', 1, 1, '2020-04-11 15:52:48', '2021-06-12 23:53:56.276', null),
        (247, '', '删除参数', 'app-group-fill', '', '/0/2/62/247', 'F', '', 'admin:sysConfig:remove', 62, 0, '', '', 0, '0', '1', 1, 1, '2020-04-11 15:52:48', '2021-06-12 23:53:56.276', null),
        (248, '', '查询登录日志', 'app-group-fill', '', '/0/2/211/212/248', 'F', '', 'admin:sysLoginLog:query', 212, 0, '', '', 0, '0', '1', 1, 1, '2020-04-11 15:52:48', '2021-06-12 23:53:56.276', null),
        (249, '', '删除登录日志', 'app-group-fill', '', '/0/2/211/212/249', 'F', '', 'admin:sysLoginLog:remove', 212, 0, '', '', 0, '0', '1', 1, 1, '2020-04-11 15:52:48', '2021-06-12 23:53:56.276', null),
        (250, '', '查询操作日志', 'app-group-fill', '', '/0/2/211/216/250', 'F', '', 'admin:sysOperLog:query', 216, 0, '', '', 0, '0', '1', 1, 1, '2020-04-11 15:52:48', '2021-06-12 23:53:56.276', null),
        (251, '', '删除操作日志', 'app-group-fill', '', '/0/2/211/216/251', 'F', '', 'admin:sysOperLog:remove', 216, 0, '', '', 0, '0', '1', 1, 1, '2020-04-11 15:52:48', '2021-06-12 23:53:56.276', null),
        (256, '', '必开接口', '', '', '/0/63/256', 'M', 'GET', '', 63, 0, '', '', 0, '1', '1', 1, 0, '2020-04-11 15:52:48', null, '2021-06-03 23:35:14.269'),
        (261, 'Gen', '代码生成', 'code', '/dev-tools/gen', '/0/60/261', 'C', '', '', 60, 0, '', '/dev-tools/gen/index', 2, '0', '1', 1, 1, '2020-04-11 15:52:48', '2021-06-05 22:15:03.465', null),
        (262, 'EditTable', '代码生成修改', 'build', '/dev-tools/editTable', '/0/60/262', 'C', '', '', 60, 0, '', '/dev-tools/gen/editTable', 100, '1', '1', 1, 1, '2020-04-11 15:52:48', '2021-06-05 22:15:03.465', null),
        (264, 'Build', '表单构建', 'build', '/dev-tools/build', '/0/60/264', 'C', '', '', 60, 0, '', '/dev-tools/build/index', 1, '0', '1', 1, 1, '2020-04-11 15:52:48', '2021-06-05 22:15:03.465', null),
        (267, '', '个人中心', '', '', '/0/63/256/267', 'M', '', '', 256, 0, '', '', 0, '1', '1', 1, 1, '2020-05-03 20:49:39', '2020-05-03 20:49:39', '2021-06-03 23:35:12.343'),
        (269, 'ServerMonitor', '服务监控', 'druid', '/sys-tools/monitor', '/0/60/269', 'C', '', 'sysTools:serverMonitor:list', 537, 0, '', '/sys-tools/monitor', 0, '0', '1', 1, 1, '2020-04-14 00:28:19', '2021-06-05 22:15:03.465', null),
        (459, 'Schedule', '定时任务', 'time-range', '/schedule', '/0/459', 'M', '无', '', 0, 0, '', 'Layout', 20, '0', '1', 1, 1, '2020-08-03 09:17:37', '2021-06-05 22:15:03.465', null),
        (460, 'ScheduleManage', 'Schedule', 'job', '/schedule/manage', '/0/459/460', 'C', '无', 'job:sysJob:list', 459, 0, '', '/schedule/index', 0, '0', '1', 1, 1, '2020-08-03 09:17:37', '2021-06-05 22:15:03.465', null),
        (461, 'sys_job', '分页获取定时任务', 'app-group-fill', 'sys_job', '/0/459/460/461', 'F', '无', 'job:sysJob:query', 460, 0, '', '', 0, '0', '1', 1, 1, '2020-08-03 09:17:37', '2021-06-05 22:15:03.465', null),
        (462, 'sys_job', '创建定时任务', 'app-group-fill', 'sys_job', '/0/459/460/462', 'F', '无', 'job:sysJob:add', 460, 0, '', '', 0, '0', '1', 1, 1, '2020-08-03 09:17:37', '2021-06-05 22:15:03.465', null),
        (463, 'sys_job', '修改定时任务', 'app-group-fill', 'sys_job', '/0/459/460/463', 'F', '无', 'job:sysJob:edit', 460, 0, '', '', 0, '0', '1', 1, 1, '2020-08-03 09:17:37', '2021-06-05 22:15:03.465', null),
        (464, 'sys_job', '删除定时任务', 'app-group-fill', 'sys_job', '/0/459/460/464', 'F', '无', 'job:sysJob:remove', 460, 0, '', '', 0, '0', '1', 1, 1, '2020-08-03 09:17:37', '2021-06-05 22:15:03.465', null),
        (465, 'sys_job', '定时任务', 'bug', 'sys_job', '/0/63/465', 'M', '无', '', 63, 0, '', '', 0, '1', '1', 1, 0, '2020-08-03 09:17:37', '2020-08-03 09:17:37', '2021-06-03 23:35:01.509'),
        (471, 'job_log', '日志', 'bug', '/schedule/log', '/0/459/471', 'C', '', '', 459, 0, '', '/schedule/log', 0, '1', '1', 1, 1, '2020-08-05 21:24:46', '2021-06-05 22:15:03.465', null),
        (496, 'Sources', '资源管理', 'network', '/sources', '/0/496', 'M', '无', '', 0, 1, '', 'Layout', 50, '0', '1', 1, 1, '2021-05-13 19:56:39.690', '2021-06-05 22:15:03.465', null),
        (497, 'File', '文件管理', 'documentation', '/sources/file-manage', '/0/496/497', 'C', '', '', 496, 1, '', '/other/fileManage/index', 0, '0', '1', 1, 1, '2021-05-13 19:56:39.690', '2021-06-05 22:15:03.465', null),
        (498, '', '内容管理', 'archived', '/cms', '/0/498', 'M', '无', '', 0, 1, '', 'Layout', 60, '0', '1', 0, 1, '2021-06-05 16:06:16.525', '2021-06-05 22:15:03.465', null),
        (499, 'SysCategoryManage', '分类', 'list', '/cms/sys-category', '/0/498/499', 'C', '无', 'cms:sysCategory:list', 498, 1, '', '/sys-category/index', 0, '0', '0', 0, 1, '2021-06-05 16:06:16.525', '2021-06-05 22:15:03.465', null),
        (500, '', '分页获取分类', 'app-group-fill', '', '/0/498/499/500', 'F', '无', 'cms:sysCategory:query', 499, 1, '', '', 0, '0', '0', 1, 1, '2021-05-13 19:56:39.690', '2021-06-05 22:15:03.465', null),
        (501, '', '创建分类', 'app-group-fill', '', '/0/498/499/501', 'F', '无', 'cms:sysCategory:add', 499, 1, '', '', 0, '0', '0', 1, 1, '2021-05-13 19:56:39.690', '2021-06-05 22:15:03.465', null),
        (502, '', '修改分类', 'app-group-fill', '', '/0/498/499/502', 'F', '无', 'cms:sysCategory:edit', 499, 1, '', '', 0, '0', '0', 1, 1, '2021-05-13 19:56:39.690', '2021-06-05 22:15:03.465', null),
        (503, '', '删除分类', 'app-group-fill', '', '/0/498/499/503', 'F', '无', 'cms:sysCategory:remove', 499, 1, '', '', 0, '0', '0', 1, 1, '2021-05-13 19:56:39.690', '2021-06-05 22:15:03.465', null),
        (504, 'Category', '分类', 'bug', 'category', '/0/63/504', 'M', '无', '', 63, 1, '', '', 0, '1', '0', 1, 1, '2021-05-13 19:56:39.690', '2021-05-13 19:56:39.690', '2021-06-03 23:35:00.021'),
        (511, 'SysContentManage', '内容管理', 'pass', '/cms/sys-content', '/0/498/511', 'C', '无', 'cms:sysContent:list', 498, 1, '', '/sys-content/index', 0, '0', '0', 0, 1, '2021-06-05 16:06:16.525', '2021-06-05 22:15:03.465', null),
        (512, '', '分页获取内容管理', 'app-group-fill', '', '/0/510/511/512', 'F', '无', 'cms:sysContent:query', 511, 1, '', '', 0, '0', '0', 1, 1, '2021-05-13 19:56:39.690', '2021-06-05 22:15:03.465', null),
        (513, '', '创建内容管理', 'app-group-fill', '', '/0/510/511/513', 'F', '无', 'cms:sysContent:add', 511, 1, '', '', 0, '0', '0', 1, 1, '2021-05-13 19:56:39.690', '2021-06-05 22:15:03.465', null),
        (514, '', '修改内容管理', 'app-group-fill', '', '/0/510/511/514', 'F', '无', 'cms:sysContent:edit', 511, 1, '', '', 0, '0', '0', 1, 1, '2021-05-13 19:56:39.690', '2021-06-05 22:15:03.465', null),
        (515, '', '删除内容管理', 'app-group-fill', '', '/0/510/511/515', 'F', '无', 'cms:sysContent:remove', 511, 1, '', '', 0, '0', '0', 1, 1, '2021-05-13 19:56:39.690', '2021-06-05 22:15:03.465', null),
        (516, 'Content', '内容管理', 'bug', 'content', '/0/63/516', 'M', '无', '', 63, 1, '', '', 0, '1', '0', 1, 1, '2021-05-13 19:56:39.690', '2021-05-13 19:56:39.690', '2021-06-03 23:35:04.361'),
        (522, 'SysContentCreate', '新增', 'form', '/cms/sys-content/create', '/0/498/522', 'C', '', 'cms:sysContent:add', 498, 0, '', '/syscontent/create.vue', 0, '1', '1', 0, 1, '2021-06-05 16:06:16.525', '2021-06-05 22:15:03.465', null),
        (523, 'SysContentEdit', '编辑', 'edit', '/cms/sys-content/edit:id', '/0/498/523', 'C', '', 'cmd:sysContent:edit', 498, 0, '', '/sys-content/edit.vue', 0, '1', '1', 0, 1, '2021-06-05 16:06:16.525', '2021-06-05 22:15:03.465', null),
        (528, 'SysApiManage', '接口管理', 'api-doc', '/admin/sys-api', '/0/527/528', 'C', '无', 'admin:sysApi:list', 2, 0, '', '/admin/sys-api/index', 0, '0', '0', 0, 1, '2021-05-20 22:08:44.526', '2021-06-12 23:53:56.276', null),
        (529, '', '查询接口', 'app-group-fill', 'sys_api', '/0/527/528/529', 'F', '无', 'admin:sysApi:query', 528, 0, '', '', 40, '0', '0', 0, 1, '2021-05-20 22:08:44.526', '2021-06-12 23:53:56.276', null),
        (530, '', '创建接口', 'app-group-fill', 'sys_api', '/0/527/528/530', 'F', '无', 'admin:sysApi:add', 528, 0, '', '', 10, '0', '0', 0, 1, '2021-05-20 22:08:44.526', '2021-06-05 16:06:16.525', '2021-06-05 20:46:59.597'),
        (531, '', '修改接口', 'app-group-fill', 'sys_api', '/0/527/528/531', 'F', '无', 'admin:sysApi:edit', 528, 0, '', '', 30, '0', '0', 0, 1, '2021-05-20 22:08:44.526', '2021-06-12 23:53:56.276', null),
        (532, '', '删除接口', 'app-group-fill', 'sys_api', '/0/527/528/532', 'F', '无', 'admin:sysApi:remove', 528, 0, '', '', 20, '0', '0', 0, 1, '2021-05-20 22:08:44.526', '2021-06-12 23:53:56.276', '2021-06-13 11:47:48.647'),
        (533, 'sys_api', 'SysApi', 'bug', 'sys_api', '/0/63/533', 'M', '无', '', 63, 0, '', '', 0, '1', '0', 1, 1, '2021-05-13 20:11:43.423', '2021-05-13 20:11:43.423', '2021-06-03 23:35:02.920'),
        (537, 'SysTools', '系统工具', 'system-tools', '/sys-tools', '', 'M', '', '', 0, 0, '', 'Layout', 30, '0', '1', 1, 1, '2021-05-21 11:13:32.166', '2021-06-05 22:15:03.465', null),
        (538, 'SysChinaAreaData', '行政区管理', 'nested', '/sys-tools/sys-china-area-data', '', 'C', '', 'sysTools:sysChinaAreaData:list', 537, 0, '', '/sys-tools/sys-china-area-data/index', 0, '0', '1', 1, 1, '2021-05-21 11:18:50.712', '2021-06-05 22:15:03.465', null),
        (540, 'SysConfigSet', '参数设置', 'system-tools', '/admin/sys-config/set', '', 'C', '', 'admin:sysConfigSet:list', 2, 0, '', '/admin/sys-config/set', 0, '0', '1', 1, 1, '2021-05-25 16:06:52.560', '2021-06-13 11:46:55.224', null),
        (541, '1', '1', 'api-doc', '1', '', 'M', '', '', 0, 0, '', '1', 0, '0', '1', 1, 1, '2021-05-31 22:51:58.389', '2021-05-31 22:55:04.687', '2021-05-31 22:55:10.561'),
        (542, '', '修改', 'upload', '', '', 'F', '', 'admin:sysConfigSet:update', 540, 0, '', '', 0, '0', '1', 1, 1, '2021-06-13 11:45:48.670', '2021-06-13 11:47:15.042', null),
        (543, '', '数据权限', 'api-server', '', '', 'F', '', '', 52, 0, '', '', 50, '0', '1', 1, 0, '2021-06-13 11:53:54.259', '2021-06-13 11:53:54.259', '2021-06-13 11:56:44.021');
insert into sys_post (post_id, post_name, post_code, sort, status, remark, created_at, updated_at, deleted_at, create_by, update_by)
values  (1, '首席执行官', 'CEO', 0, '2', '首席执行官', '2021-05-13 19:56:37.913', '2021-05-13 19:56:37.913', null, 1, 1),
        (2, '首席技术执行官', 'CTO', 2, '2', '首席技术执行官', '2021-05-13 19:56:37.913', '2021-05-13 19:56:37.913', null, 1, 1),
        (3, '首席运营官', 'COO', 3, '2', '测试工程师', '2021-05-13 19:56:37.913', '2021-05-13 19:56:37.913', null, 1, 1);
insert into sys_role (role_id, role_name, status, role_key, role_sort, flag, remark, admin, data_scope, created_at, updated_at, deleted_at, create_by, update_by)
values  (1, '系统管理员', '2', 'admin', 1, '', '', 1, '', '2021-05-13 19:56:37.913', '2021-05-13 19:56:37.913', null, 1, 1),
        (2, '测试', '2', 'Test', 0, '', '', 0, '5', '2021-05-19 17:55:06.545', '2021-06-12 23:53:56.262', null, 1, 0);
insert into sys_user (create_by, update_by, created_at, updated_at, deleted_at, user_id, username, password, nick_name, phone, role_id, salt, avatar, sex, email, dept_id, post_id, remark, status)
values  (1, 1, '2021-05-13 19:56:37.914', '2021-05-13 19:56:40.205', null, 1, 'admin', '$2a$10$/Glr4g9Svr6O0kvjsRJCXu3f0W8/dsP3XZyVNi1019ratWpSPMyw.', 'zhangwj', '13818888888', 1, '', '', '1', '1@qq.com', 1, 1, '', '2'),
        (0, 0, '2021-05-24 17:14:20.826', '2021-06-12 23:50:35.803', null, 2, 'test', '$2a$10$VlnBKPkbmSpK4XaNpjCf0es.ILCuW2NaVgLAo.m8SGmmzIScH5GSa', '测试用户1', '13111111111', 2, '', '', '0', 'qq@qq.com', 7, 3, '', '2');
insert into sys_menu_api_rule (sys_menu_menu_id, sys_api_id)
values  (58, 21),
        (236, 21),
        (238, 23),
        (59, 24),
        (240, 24),
        (242, 25),
        (58, 26),
        (236, 26),
        (56, 27),
        (228, 27),
        (230, 28),
        (226, 29),
        (51, 39),
        (222, 39),
        (221, 41),
        (52, 44),
        (225, 44),
        (226, 45),
        (226, 46),
        (226, 47),
        (57, 59),
        (232, 59),
        (234, 60),
        (241, 80),
        (237, 81),
        (229, 82),
        (220, 88),
        (233, 89),
        (224, 90),
        (531, 92),
        (242, 101),
        (238, 102),
        (230, 103),
        (226, 106),
        (226, 107),
        (221, 109),
        (234, 110),
        (243, 120),
        (239, 121),
        (231, 122),
        (223, 126),
        (235, 127),
        (227, 128),
        (528, 135),
        (529, 135),
        (531, 136),
        (542, 139),
        (540, 140),
        (3, 141),
        (44, 141),
        (45, 142),
        (43, 150),
        (45, 151),
        (46, 156);
COMMIT;

SET FOREIGN_KEY_CHECKS = 1;

-- 数据完成 ;